name,segment,offset,debug_type,file_offset,overlay_offset
ARGSFX,0x0000,0x0000,0x0002,0x00380,0x1b956
CALL,0x0000,0x0000,0x0001,0x00380,0x1b96f
_ARGSFX,0x0000,0x0000,0x0201,0x00380,0x1b97a
P_SUBSTR,0x0000,0x6fe4,0x0201,0x07364,0x1b988
_ASSEMFLAGS,0x10ec,0x0f8b,0x0084,0x121cb,0x1b997
SS_STORE,0x10ec,0x9a96,0x0085,0x1acd6,0x1b9a9
SP_STORE,0x10ec,0x9a98,0x0085,0x1acd8,0x1b9b8
SASP_STORE,0x10ec,0x9a9a,0x0085,0x1acda,0x1b9c7
REALINS,0x10ec,0x76a7,0x0084,0x188e7,0x1b9d8
PUTOPT,0x10ec,0x13f2,0x0084,0x12632,0x1b9e6
PUTHAN,0x10ec,0x13f3,0x0085,0x12633,0x1b9f3
_OS2WRITEBYTES,0x0cdf,0x004e,0x0000,0x0d1be,0x1ba58
_OS2GETTIME,0x0cdf,0x0099,0x0000,0x0d209,0x1ba6d
_OS2DELETEFILE,0x0cdf,0x00be,0x0000,0x0d22e,0x1ba7f
_OS2EXIT,0x0cdf,0x0018,0x0000,0x0d188,0x1ba94
_OS2INITTERM,0x0cdf,0x00b8,0x0000,0x0d228,0x1baa3
_OS2EXITERR,0x0cdf,0x001d,0x0000,0x0d18d,0x1bab6
_OS2AVAILMEM,0x0cdf,0x0085,0x0000,0x0d1f5,0x1bac8
_OS2RENAMEFILE,0x0cdf,0x00b9,0x0000,0x0d229,0x1badb
_OS2OPENFILE,0x0cdf,0x0022,0x0000,0x0d192,0x1baf0
_OS2READBYTES,0x0cdf,0x0049,0x0000,0x0d1b9,0x1bb16
_OS2SEEKEND,0x0cdf,0x0075,0x0000,0x0d1e5,0x1bb3c
_OS2OPENNEWFILE,0x0cdf,0x0028,0x0000,0x0d198,0x1bb4e
_OS2PRTSTRING,0x0cdf,0x009e,0x0000,0x0d20e,0x1bb64
_OS2GETDATE,0x0cdf,0x0094,0x0000,0x0d204,0x1bb78
ADCTAB,0x10ec,0x6e2d,0x0085,0x1806d,0x1bbb0
ADDEDSYMBOL,0x10ec,0x0f7a,0x0085,0x121ba,0x1bbbf
ANDTAB,0x10ec,0x6e5b,0x0085,0x1809b,0x1bc20
ANGLEBRAC,0x020b,0x0e42,0x002b,0x03272,0x1bc2c
ANSIFLAG,0x10ec,0x13e8,0x0084,0x12628,0x1bc4c
APR,0x10ec,0x8cc3,0x0084,0x19f03,0x1bc5d
ASLTAB,0x10ec,0x6e89,0x0085,0x180c9,0x1bc69
ATLINE,0x10ec,0x89a9,0x0084,0x19be9,0x1bc9d
AUG,0x10ec,0x8cd7,0x0084,0x19f17,0x1bcac
BADSIZELWDN,0x0a0b,0x1042,0x0080,0x0b472,0x1bd92
BHOK1,0x0f0b,0x0a52,0x008c,0x0fe82,0x1bde6
BHOK2,0x030b,0x0a31,0x008c,0x03e61,0x1bdf1
BINL100000000,0x020b,0x1230,0x008d,0x03660,0x1bf60
BINLDIGIT2,0x0a0b,0x0f31,0x008d,0x0b361,0x1bff6
BINTABLE,0x10ec,0x75a3,0x0084,0x187e3,0x1c045
BITTAB,0x10ec,0x6eb7,0x0085,0x180f7,0x1c056
BSCHAR,0x10ec,0x0202,0x0084,0x11442,0x1c071
BTAB,0x10ec,0x66f7,0x0085,0x17937,0x1c08f
CALCLENLASTBLK,0x010b,0x134e,0x0053,0x0277e,0x1c11f
CALCMUL,0x050b,0x0c44,0x0017,0x06074,0x1c15c
CALCROMPOS,0x140b,0x0f52,0x0053,0x15382,0x1c18f
CALCSHIFTL,0x190b,0x0f53,0x0016,0x1a383,0x1c19f
CANTFINDFL,0x10ec,0x0acd,0x0084,0x11d0d,0x1c1eb
CHECKMACRO,0x10ec,0x0aaa,0x0084,0x11cea,0x1c26d
CHKDREG,0x0e0b,0x0c4f,0x00cb,0x0f07f,0x1c27d
CHKLP,0x170b,0x0a32,0x0051,0x17e62,0x1c2b1
CLIPTR,0x10ec,0x9bde,0x0085,0x1ae1e,0x1c2fa
CLOSEBRAC,0x10ec,0x899f,0x0084,0x19bdf,0x1c316
CMPTAB,0x10ec,0x6ee5,0x0085,0x18125,0x1c34e
CPXTAB,0x10ec,0x6f13,0x0085,0x18153,0x1c44a
CPYTAB,0x10ec,0x6f41,0x0085,0x18181,0x1c459
CRTXT,0x10ec,0x2552,0x0084,0x13792,0x1c468
CTEMP1,0x10ec,0x9a90,0x0085,0x1acd0,0x1c4b7
CTEMP2,0x10ec,0x9a92,0x0085,0x1acd2,0x1c4c6
CTRLCTXT,0x10ec,0x8a14,0x0084,0x19c54,0x1c4e3
DATABANK,0x10ec,0x0abb,0x0085,0x11cfb,0x1c517
DAYSINAMON,0x10ec,0x8c17,0x0085,0x19e57,0x1c533
DAYSINAMONLEAP,0x10ec,0x8c31,0x0085,0x19e71,0x1c546
DAYSPTRS,0x10ec,0x8c4b,0x0085,0x19e8b,0x1c55d
DBLINE,0x10ec,0x0ab0,0x0085,0x11cf0,0x1c56e
DDLINE,0x10ec,0x0aae,0x0085,0x11cee,0x1c595
DECE,0x10ec,0x8cf9,0x0084,0x19f39,0x1c5a4
DECTAB,0x10ec,0x6f6f,0x0085,0x181af,0x1c5b1
DECTABLE,0x10ec,0x7521,0x0084,0x18761,0x1c5c0
DEFAULTERR,0x10ec,0x2557,0x0084,0x13797,0x1c5d1
DIVAL,0x10ec,0x0ed1,0x0085,0x12111,0x1c652
DLLINE,0x10ec,0x0ab6,0x0085,0x11cf6,0x1c66d
DOINGERR,0x10ec,0x0ee1,0x0084,0x12121,0x1c67c
DOINGFRS,0x10ec,0x0ad0,0x0084,0x11d10,0x1c68d
DONEERR,0x10ec,0x0ee3,0x0084,0x12123,0x1c6b7
DOTERR,0x0d0b,0x0b54,0x002c,0x0df84,0x1c6f8
DREG,0x10ec,0x248d,0x0084,0x136cd,0x1c73b
DWLINE,0x10ec,0x0ab2,0x0085,0x11cf2,0x1c776
DWLINE2,0x10ec,0x0ab4,0x0085,0x11cf4,0x1c785
EADPIND1,0x000b,0x0d44,0x0082,0x01174,0x1c7aa
EADPINDW,0x100b,0x0d52,0x0082,0x11182,0x1c7d7
EAEXPERR,0x170b,0x0d50,0x0084,0x18180,0x1c809
EAEXPL,0x0b0b,0x0b52,0x0079,0x0bf82,0x1c817
EAIMMERR,0x0d0b,0x0d4d,0x0084,0x0e17d,0x1c83b
EAIMMERR1,0x030b,0x0e52,0x0084,0x04282,0x1c849
EAIMMW,0x190b,0x0b4b,0x0077,0x19f7b,0x1c865
EATAB,0x10ec,0x7307,0x0085,0x18547,0x1c973
EDIVZ,0x110b,0x0a31,0x0018,0x11e61,0x1c9fe
ENDADDSYM,0x10ec,0x79a9,0x0084,0x18be9,0x1ca8a
ENDEXP,0x10ec,0x6baf,0x0084,0x17def,0x1cac4
ENDFIELD,0x0d0b,0x0d50,0x008b,0x0e180,0x1cad0
ENDGETMAC,0x10ec,0x7a29,0x0084,0x18c69,0x1cafd
ENDMESSAGE,0x10ec,0x261f,0x0084,0x1385f,0x1cb1b
ENVFLAGXOR,0x10ec,0xa4a1,0x0084,0x1b6e1,0x1cb77
ENVFOUND,0x10ec,0xa4a2,0x0084,0x1b6e2,0x1cb8a
ENVNAMEBUF,0x10ec,0xa4a3,0x0084,0x1b6e3,0x1cb9b
ENVNAMELEN,0x10ec,0xa5a3,0x0085,0x1b7e3,0x1cbae
ENVPTR,0x10ec,0xa5a5,0x0085,0x1b7e5,0x1cbc1
EOFTXT,0x10ec,0x254f,0x0084,0x1378f,0x1cbd0
EORTAB,0x10ec,0x6f9d,0x0085,0x181dd,0x1cbdf
ERRLINE,0x10ec,0x0edf,0x0085,0x1211f,0x1cbfc
ERROK3,0x010b,0x0b32,0x0008,0x01f62,0x1cc15
ERRORPTR,0x10ec,0x13de,0x0085,0x1261e,0x1cc24
ERRORS,0x10ec,0x13c4,0x0085,0x12604,0x1cc35
ERRORSTK,0x10ec,0x24a0,0x0085,0x136e0,0x1cc44
ERRORSUP,0x10ec,0x13e9,0x0084,0x12629,0x1cc55
ERRORT2,0x180b,0x0c54,0x0008,0x19084,0x1cc6f
ERRORTXT,0x10ec,0x8a54,0x0084,0x19c94,0x1cc7f
ERRSUPDO,0x080b,0x0d4b,0x0022,0x0917b,0x1cca9
ETEMP1,0x10ec,0x9a8c,0x0085,0x1accc,0x1ccde
ETEMP2,0x10ec,0x9a8e,0x0085,0x1acce,0x1cced
EXBUFF,0x10ec,0x0ad1,0x0085,0x11d11,0x1cd2c
EXPRESSFLAGS,0x10ec,0x0ace,0x0084,0x11d0e,0x1cdb0
EXPRSUR,0x10ec,0x13e6,0x0084,0x12626,0x1cdc5
EXPRTXT,0x10ec,0x8a62,0x0084,0x19ca2,0x1cdd5
EXTPTR,0x10ec,0x13a6,0x0085,0x125e6,0x1ce7a
E_CONDUNBAL,0x110b,0x1050,0x0029,0x12480,0x1cea4
E_PUBISEXTERN,0x050b,0x1244,0x005a,0x06674,0x1cf5b
E_PUBNOLOCALS,0x0e0b,0x124e,0x005a,0x0f67e,0x1cf6e
E_REPTUNBAL,0x080b,0x1053,0x0029,0x09483,0x1cf81
F1STNAME,0x10ec,0x66e7,0x0084,0x17927,0x1cfc8
FATALERRTXT,0x10ec,0x8a3c,0x0084,0x19c7c,0x1cfe3
FCALCEQ,0x0f0b,0x0c44,0x001a,0x10074,0x1d04a
FCALCOR,0x0e0b,0x0c54,0x001c,0x0f084,0x1d0da
FCLOSEEND,0x150b,0x0e52,0x003b,0x16282,0x1d133
FD3,0x0c0b,0x0850,0x001b,0x0cc80,0x1d150
FEASL2,0x010b,0x0b31,0x001a,0x01f61,0x1d165
FEB,0x10ec,0x8cb4,0x0084,0x19ef4,0x1d18c
FERNOM,0x110b,0x0b4c,0x0023,0x11f7c,0x1d217
FEV1,0x160b,0x0930,0x003c,0x16d60,0x1d239
FHANDLE,0x10ec,0x0edd,0x0085,0x1211d,0x1d270
FIELD,0x10ec,0x2480,0x0084,0x136c0,0x1d28d
FIELDFILL,0x10ec,0x2481,0x0084,0x136c1,0x1d29b
FIELDLP,0x010b,0x0c4c,0x008b,0x0207c,0x1d2aa
FILEFLAGXOR,0x10ec,0xa5a9,0x0084,0x1b7e9,0x1d2c8
FILEFOUND,0x10ec,0xa5aa,0x0084,0x1b7ea,0x1d2dc
FILELISTHAN,0x10ec,0x13f6,0x0085,0x12636,0x1d2ee
FILELISTNAME,0x10ec,0x9a9c,0x0084,0x1acdc,0x1d302
FILELISTOPT,0x10ec,0x13f5,0x0084,0x12635,0x1d317
FILENAMEBUF,0x10ec,0xa5ab,0x0084,0x1b7eb,0x1d32b
FILENAMECHAR,0x10ec,0x7929,0x0084,0x18b69,0x1d33f
FIRSTCHAR,0x10ec,0x78a9,0x0084,0x18ae9,0x1d385
FIRSTEXTSEG,0x10ec,0x13a4,0x0085,0x125e4,0x1d397
FIRSTFRSEG,0x10ec,0x0acb,0x0085,0x11d0b,0x1d3ab
FIRSTOBJPTR,0x10ec,0x13b0,0x0085,0x125f0,0x1d3be
FL11,0x010b,0x0930,0x001c,0x01d60,0x1d3e2
FRI,0x10ec,0x8c6c,0x0084,0x19eac,0x1d4cb
FRIF,0x0b0b,0x0949,0x0043,0x0bd79,0x1d4d4
FROPJMP,0x10ec,0x6d03,0x0085,0x17f43,0x1d4e1
FRPTR,0x10ec,0x0ac5,0x0085,0x11d05,0x1d4f1
FRTAB,0x10ec,0x7407,0x0085,0x18647,0x1d50d
FR_DOLBRANCH,0x080b,0x1144,0x0009,0x09574,0x1d589
FULDIV,0x010b,0x0b54,0x001b,0x01f84,0x1d5ea
GETNUMTAB,0x10ec,0x6a29,0x0085,0x17c69,0x1d742
GETSTR,0x1a0b,0x0b52,0x0015,0x1af82,0x1d762
GETSTRREAL1,0x020b,0x1052,0x0015,0x03482,0x1d79e
GETSTRREAL2,0x0e0b,0x1031,0x0015,0x0f461,0x1d7af
GFN0,0x130b,0x0933,0x003d,0x13d63,0x1d7e7
GMS0,0x160b,0x0945,0x00cd,0x16d75,0x1d8f7
GOK,0x0e0b,0x0844,0x0076,0x0ec74,0x1d917
GOTEOLDO_MARIO,0x0e0b,0x1336,0x0027,0x0f766,0x1d934
GOTYEAR,0x150b,0x0c52,0x001d,0x16082,0x1d97b
G_SYMLOOP,0x1a0b,0x0e48,0x0013,0x1b278,0x1da2b
HASAVALUE,0x10ec,0x89b3,0x0084,0x19bf3,0x1da3d
HASHTABLE,0x10ec,0x1472,0x0084,0x126b2,0x1da4f
HEADFLAG,0x10ec,0x9bdd,0x0084,0x1ae1d,0x1da73
HEAPPTR,0x10ec,0x0ed9,0x0085,0x12119,0x1da84
HELPTXT,0x020b,0x0c52,0x008d,0x03082,0x1da91
HEXTABLE,0x10ec,0x749f,0x0084,0x186df,0x1daac
HTEMP1,0x10ec,0x9a78,0x0085,0x1acb8,0x1dac9
HTEMP2,0x10ec,0x9a7a,0x0085,0x1acba,0x1dad8
IFCCOPY,0x170b,0x0c31,0x003f,0x18061,0x1db21
IFFLAG,0x10ec,0x0f8c,0x0084,0x121cc,0x1db59
IFLIST,0x10ec,0x7bab,0x0084,0x18deb,0x1db68
IFTABLE,0x10ec,0x6925,0x0085,0x17b65,0x1db90
ILLEGALOP,0x050b,0x0e45,0x0084,0x06275,0x1dbc1
INCDIRNAME,0x10ec,0x0ee6,0x0084,0x12126,0x1dbf1
INCTAB,0x10ec,0x6fcb,0x0085,0x1820b,0x1dc15
INSFRLP,0x070b,0x0c54,0x0007,0x08084,0x1dc5b
JAN,0x10ec,0x8cac,0x0084,0x19eec,0x1dd8d
JMPTAB,0x10ec,0x7027,0x0085,0x18267,0x1dd99
JONS_EXT_FLAG,0x10ec,0xa49c,0x0084,0x1b6dc,0x1dda8
JONS_FREF_PTR,0x10ec,0xa49d,0x0085,0x1b6dd,0x1ddbe
JONS_OBJ_PTR,0x10ec,0xa49f,0x0085,0x1b6df,0x1ddd4
JSRTAB,0x10ec,0x7055,0x0085,0x18295,0x1ddf5
JUL,0x10ec,0x8cd2,0x0084,0x19f12,0x1de04
JUMPVAL,0x10ec,0x0ab8,0x0085,0x11cf8,0x1de10
JUN,0x10ec,0x8ccd,0x0084,0x19f0d,0x1de20
LASTFILENAME,0x10ec,0x0f98,0x0085,0x121d8,0x1de6f
LASTLINE,0x10ec,0x13ec,0x0085,0x1262c,0x1de84
LASTPCADDR,0x10ec,0x0f8e,0x0085,0x121ce,0x1de95
LASTSYMPTR,0x10ec,0x0f7c,0x0085,0x121bc,0x1dea8
LDATAB,0x10ec,0x7083,0x0085,0x182c3,0x1ded6
LDXTAB,0x10ec,0x70b1,0x0085,0x182f1,0x1def2
LDYTAB,0x10ec,0x70df,0x0085,0x1831f,0x1df01
LENLASTBLK,0x10ec,0x13c0,0x0085,0x12600,0x1df10
LINE,0x10ec,0x13f0,0x0085,0x12630,0x1dfa1
LINKFLAG,0x10ec,0x13a0,0x0084,0x125e0,0x1dfb8
LINKNAME,0x10ec,0x9b1c,0x0084,0x1ad5c,0x1dff4
LINKNORM,0x050b,0x0d45,0x0004,0x06175,0x1e002
LISTMACS,0x10ec,0x13eb,0x0084,0x1262b,0x1e044
LLINE,0x10ec,0x13e2,0x0085,0x12622,0x1e06d
LLPLP,0x1a0b,0x0a33,0x0021,0x1ae63,0x1e098
LMSBUF,0x10ec,0x248f,0x0084,0x136cf,0x1e0a6
LMSDS,0x10ec,0x2494,0x0085,0x136d4,0x1e0b5
LMSREG,0x10ec,0x248e,0x0084,0x136ce,0x1e0cf
LMSSI,0x10ec,0x2496,0x0085,0x136d6,0x1e0de
LOCALTXT,0x10ec,0x26e7,0x0084,0x13927,0x1e107
LOCSYMTXPTR,0x10ec,0x0f6c,0x0085,0x121ac,0x1e118
LONGAADDR,0x10ec,0x0ac1,0x0085,0x11d01,0x1e142
LONGFLAGS,0x10ec,0x0aba,0x0084,0x11cfa,0x1e154
LONGIADDR,0x10ec,0x0abd,0x0085,0x11cfd,0x1e166
LSRTAB,0x10ec,0x710d,0x0085,0x1834d,0x1e18c
L_TEST,0x180b,0x0b50,0x0085,0x18f80,0x1e210
MABENDC,0x130b,0x0c46,0x0043,0x14076,0x1e22b
MACNUM,0x10ec,0x0206,0x0084,0x11446,0x1e2dd
MACPTR,0x10ec,0x0aa2,0x0085,0x11ce2,0x1e2f9
MACRO1LINE,0x10ec,0x248a,0x0085,0x136ca,0x1e308
MACROBUF,0x0cec,0x0000,0x0084,0x0d240,0x1e31b
MACRONAME,0x10ec,0x020a,0x0085,0x1144a,0x1e32c
MACROPPTRS,0x10ec,0x0a0e,0x0085,0x11c4e,0x1e33e
MACROPTR,0x10ec,0x0200,0x0085,0x11440,0x1e351
MACROPTXT,0x10ec,0x020e,0x0084,0x1144e,0x1e362
MACSRCH,0x090b,0x0c4c,0x002b,0x0a07c,0x1e381
MACSYM,0x0f0b,0x0b48,0x0050,0x0ff78,0x1e38e
MAPDBUFOFFSET,0x10ec,0x9beb,0x0085,0x1ae2b,0x1e3e6
MAPDISKBUFFER,0x10ec,0x9bed,0x0084,0x1ae2d,0x1e3fc
MAPDONEMES,0x10ec,0xa464,0x0084,0x1b6a4,0x1e412
MAPEXTNAME,0x10ec,0xa449,0x0084,0x1b689,0x1e425
MAPFILE,0x10ec,0x9be8,0x0084,0x1ae28,0x1e438
MAPFILEHANDLE,0x10ec,0x9be9,0x0085,0x1ae29,0x1e448
MAPFILEMES,0x10ec,0xa44e,0x0084,0x1b68e,0x1e45e
MAPFNAME,0x10ec,0xa3ed,0x0084,0x1b62d,0x1e484
MAP_LONGA,0x100b,0x0e45,0x00cd,0x11275,0x1e492
MAP_LONGI,0x140b,0x0e41,0x00cd,0x15271,0x1e4a1
MAP_SHORTA,0x080b,0x0f49,0x00cd,0x09379,0x1e4b0
MAP_SHORTI,0x0c0b,0x0f41,0x00cd,0x0d371,0x1e4c0
MAR,0x10ec,0x8cbd,0x0084,0x19efd,0x1e4d3
MARIOTABLE,0x10ec,0x6821,0x0085,0x17a61,0x1e4df
MAXERRORS,0x10ec,0x13fd,0x0085,0x1263d,0x1e4f2
MAY,0x10ec,0x8cc9,0x0084,0x19f09,0x1e516
MON,0x10ec,0x8c83,0x0084,0x19ec3,0x1e5f4
MONPTRS,0x10ec,0x8c92,0x0085,0x19ed2,0x1e60b
MPTAB,0x10ec,0x7b29,0x0084,0x18d69,0x1e698
MVSBERR,0x030b,0x0c42,0x00b2,0x04072,0x1e6dc
M_AND,0x060b,0x0a54,0x0099,0x06e84,0x1e73e
M_BNE,0x190b,0x0a49,0x009e,0x19e79,0x1e7c5
M_BVS,0x020b,0x0a43,0x00a2,0x02e73,0x1e7f1
M_CMP,0x0f0b,0x0a4f,0x00a3,0x0fe7f,0x1e826
M_END,0x100b,0x0a45,0x006a,0x10e75,0x1e87b
M_EXT,0x140b,0x0a55,0x0092,0x14e85,0x1e8a3
M_FMU,0x140b,0x0a44,0x00a4,0x14e74,0x1e904
M_GETBH,0x070b,0x0c42,0x00a5,0x08072,0x1e945
M_L,0x0a0b,0x0850,0x0093,0x0ac80,0x1ea14
M_LMU,0x000b,0x0a53,0x00ad,0x00e83,0x1ea90
M_MOVE,0x180b,0x0b56,0x00af,0x18f86,0x1eb46
M_MVHA1,0x060b,0x0c41,0x00b0,0x07071,0x1ec1f
M_MVLMS,0x0d0b,0x0c4d,0x00b2,0x0e07d,0x1ec45
M_OR3,0x0c0b,0x0a32,0x00bc,0x0ce62,0x1ecb3
M_PRINT,0x070b,0x0c49,0x0094,0x08079,0x1ecf6
M_R,0x140b,0x0854,0x0094,0x14c84,0x1ed03
M_RAM,0x190b,0x0a52,0x00bd,0x19e82,0x1ed0c
M_REP,0x140b,0x0a4d,0x006f,0x14e7d,0x1ed17
M_SBC,0x060b,0x0a53,0x00c1,0x06e83,0x1ed62
M_TO,0x050b,0x0954,0x00c5,0x05d84,0x1ee75
NARG,0x10ec,0x0204,0x0085,0x11444,0x1eed9
NARGADDR,0x10ec,0x0a9e,0x0085,0x11cde,0x1eee6
NEEDLF,0x10ec,0x247c,0x0084,0x136bc,0x1ef17
NEWFRPTR,0x10ec,0x0ac9,0x0085,0x11d09,0x1ef4e
NEXTLEVUP,0x0c0b,0x0e52,0x0058,0x0d282,0x1ef85
NOFILE,0x10ec,0x891c,0x0084,0x19b5c,0x1efee
NOFRBLK,0x10ec,0x0f88,0x0084,0x121c8,0x1effd
NOSTRINGDEF,0x020b,0x1056,0x0087,0x03486,0x1f09b
NOTEX,0x0d0b,0x0a44,0x0007,0x0de74,0x1f0ed
NOTLEAP,0x120b,0x0c54,0x001d,0x13084,0x1f12c
NOV,0x10ec,0x8cf0,0x0084,0x19f30,0x1f16e
NPARS,0x10ec,0x0203,0x0084,0x11443,0x1f192
NULLSTRING,0x10ec,0xa46d,0x0084,0x1b6ad,0x1f1d4
NUM0TABLE,0x10ec,0x741d,0x0084,0x1865d,0x1f217
NUMBRACS,0x10ec,0x0acf,0x0084,0x11d0f,0x1f241
NUMBYTES,0x10ec,0x0ee4,0x0085,0x12124,0x1f252
NUMCHARS,0x10ec,0x2485,0x0084,0x136c5,0x1f263
NUMEXTS,0x10ec,0x13aa,0x0085,0x125ea,0x1f2ab
NUMFILES,0x10ec,0x13dc,0x0085,0x1261c,0x1f2bb
NUMHI,0x130b,0x0a58,0x0010,0x13e88,0x1f2d5
NUMIFS,0x10ec,0x0f96,0x0085,0x121d6,0x1f2e3
NUMLAB,0x000b,0x0b53,0x0013,0x00f83,0x1f2ef
NUMLINKBLKS,0x10ec,0x13a2,0x0085,0x125e2,0x1f2fe
NUMMACS,0x10ec,0x0aa6,0x0085,0x11ce6,0x1f329
NUMPARS,0x10ec,0x0aa8,0x0085,0x11ce8,0x1f375
NUMREPTS,0x10ec,0x1470,0x0085,0x126b0,0x1f390
N_FR,0x0a0b,0x0947,0x0016,0x0ad77,0x1f3da
OBJCODEADDR,0x10ec,0x13b4,0x0085,0x125f4,0x1f3fa
OBJPTR,0x10ec,0x13ac,0x0085,0x125ec,0x1f40e
OCT,0x10ec,0x8ce8,0x0084,0x19f28,0x1f41d
OK2,0x010b,0x0831,0x008e,0x01c61,0x1f437
OLDBLKADDR,0x10ec,0x13b6,0x0085,0x125f6,0x1f443
OLDLOCSYMTX,0x10ec,0x0f70,0x0085,0x121b0,0x1f456
OLDPARENTPTR,0x10ec,0x0f84,0x0085,0x121c4,0x1f46a
OPBR,0x10ec,0x899d,0x0084,0x19bdd,0x1f495
OPERRCLI,0x10ec,0x89c4,0x0084,0x19c04,0x1f4c0
OPJMP,0x10ec,0x6cdb,0x0085,0x17f1b,0x1f4d1
OPTAB,0x10ec,0x6b2d,0x0084,0x17d6d,0x1f4df
OP_ERRORS,0x120b,0x0e52,0x008f,0x13282,0x1f520
OP_INCDIR,0x040b,0x0e54,0x008f,0x05284,0x1f540
OP_OBJECT,0x0f0b,0x0e45,0x0090,0x10275,0x1f584
ORATAB,0x10ec,0x713b,0x0085,0x1837b,0x1f5d7
OUTPUTADDR,0x10ec,0x249c,0x0085,0x136dc,0x1f63c
OUTPUTBLKFLAG,0x10ec,0x13ba,0x0084,0x125fa,0x1f64f
OUTPUTFLAG,0x10ec,0x2498,0x0084,0x136d8,0x1f665
OUTPUTNAME,0x10ec,0x9adc,0x0084,0x1ad1c,0x1f678
OUTPUTNOWFLAG,0x10ec,0x2499,0x0084,0x136d9,0x1f68b
P65816JMP,0x10ec,0x672b,0x0085,0x1796b,0x1f6bd
PARBUF,0x10ec,0x0000,0x0085,0x11240,0x1f6cf
PARENTPTR,0x10ec,0x0f80,0x0085,0x121c0,0x1f6de
PARSE65816,0x150b,0x0f45,0x002c,0x16375,0x1f6fd
PARSETYPE,0x10ec,0x0f8d,0x0084,0x121cd,0x1f72e
PCADDR,0x10ec,0x0f92,0x0085,0x121d2,0x1f76c
PFDOFIELD,0x0a0b,0x0e52,0x0059,0x0b282,0x1f7e0
PFDOPRTHEX,0x050b,0x0f44,0x0059,0x06374,0x1f7ef
PFEND,0x130b,0x0a44,0x0055,0x13e74,0x1f80f
PFHANDLE,0x10ec,0x2476,0x0085,0x136b6,0x1f93d
PFMACRO2,0x050b,0x0d4f,0x0058,0x0617f,0x1f9ae
PFNAME,0x10ec,0x2478,0x0085,0x136b8,0x1f9ca
PFNUMWARNINGS,0x0f0b,0x1253,0x0057,0x10683,0x1fa5c
PFOK2,0x040b,0x0a4b,0x0056,0x04e7b,0x1fa79
PFOUTPUT,0x10ec,0x247d,0x0084,0x136bd,0x1fab8
PFPERC,0x070b,0x0b54,0x0055,0x07f84,0x1fad4
PFPRTHEX,0x10ec,0x2484,0x0084,0x136c4,0x1fafb
PFSPECTABLE,0x10ec,0x6d2b,0x0085,0x17f6b,0x1fb3e
PFSTRLEN,0x10ec,0x2486,0x0085,0x136c6,0x1fb5d
PFTODISK,0x10ec,0x2474,0x0085,0x136b4,0x1fb94
PFUNK,0x0c0b,0x0a4b,0x0056,0x0ce7b,0x1fba2
PLUS,0x10ec,0x8997,0x0084,0x19bd7,0x1fbd6
PREMEOF,0x100b,0x0c44,0x0081,0x11074,0x1fc9c
PRINTBUFFER,0x10ec,0x8a6e,0x0084,0x19cae,0x1fcac
PRINTBUFPTR,0x10ec,0x2488,0x0085,0x136c8,0x1fcc0
PRINTFDEST,0x10ec,0x2472,0x0085,0x136b2,0x1fcd4
PRINTFNOVAL,0x090b,0x1054,0x0088,0x0a484,0x1fce4
PRITAB,0x10ec,0x6c31,0x0084,0x17e71,0x1fd0c
PRTDECL,0x110b,0x0c42,0x008c,0x12072,0x1fd18
PRTDECW,0x0e0b,0x0c4c,0x008b,0x0f07c,0x1fd25
PRTFLAG,0x10ec,0x13ea,0x0084,0x1262a,0x1fd35
PUTNAME,0x10ec,0x9b9c,0x0084,0x1addc,0x1fdaa
P_AD,0x000b,0x0941,0x0067,0x00d71,0x1fdc0
P_AS,0x0d0b,0x0944,0x0067,0x0dd74,0x1fde0
P_B,0x1a0b,0x084c,0x0067,0x1ac7c,0x1fdf5
P_BEQ,0x150b,0x0a45,0x002f,0x15e75,0x1fe39
P_CHECKMAC,0x0a0b,0x0f48,0x0034,0x0b378,0x1fef6
P_CIFE,0x120b,0x0b52,0x0041,0x12f82,0x1ff36
P_CL,0x190b,0x094e,0x0068,0x19d7e,0x1ff66
P_EN,0x060b,0x0946,0x006a,0x06d76,0x200fd
P_EQUERR,0x0f0b,0x0d55,0x0038,0x10185,0x201b7
P_EQUERR2,0x170b,0x0e52,0x0038,0x18282,0x201c5
P_EQUSKIP,0x0e0b,0x0e52,0x0038,0x0f282,0x201e0
P_I,0x000b,0x084c,0x006b,0x00c7c,0x202ca
P_IFCT,0x020b,0x0b32,0x003e,0x02f62,0x20330
P_IFLE,0x0f0b,0x0b4c,0x0040,0x0ff7c,0x203fc
P_IFLEX,0x010b,0x0c31,0x0042,0x02061,0x20415
P_IFNS,0x1a0b,0x0b32,0x003e,0x1af62,0x20477
P_IFS,0x110b,0x0a32,0x003e,0x11e62,0x204ac
P_INCCOL,0x0d0b,0x0d43,0x0045,0x0e173,0x20525
P_JM,0x050b,0x094a,0x006c,0x05d7a,0x205b9
P_JS,0x190b,0x0950,0x006c,0x19d80,0x205f4
P_JSL,0x080b,0x0a53,0x004b,0x08e83,0x205fe
P_LIST,0x010b,0x0b49,0x004c,0x01f79,0x20653
P_MARIO,0x0e0b,0x0c4f,0x004e,0x0f07f,0x2073a
P_NIFEQ,0x050b,0x0c47,0x0042,0x06077,0x207eb
P_NIFG,0x020b,0x0b51,0x0041,0x02f81,0x207f8
P_ORA,0x020b,0x0a52,0x0052,0x02e82,0x20880
P_PEA,0x160b,0x0a45,0x005a,0x16e75,0x208c1
P_PLD,0x0a0b,0x0a42,0x005c,0x0ae72,0x20976
P_PLP,0x190b,0x0a44,0x005c,0x19e74,0x20981
P_REP,0x0d0b,0x0a45,0x005d,0x0de75,0x20a1e
P_SET,0x000b,0x0a50,0x0062,0x00e80,0x20b18
P_STRCPY,0x070b,0x0d52,0x0074,0x08182,0x20baf
P_SUPPRESS,0x160b,0x0f53,0x0063,0x17383,0x20c0f
P_TX,0x070b,0x0958,0x0075,0x07d88,0x20cf5
REALMAC,0x10ec,0x7aa9,0x0084,0x18ce9,0x20e2b
REALSTR,0x10ec,0x7727,0x0084,0x18967,0x20e3b
REALSTR2,0x10ec,0x77a7,0x0084,0x189e7,0x20e4b
REDEFSTRING,0x170b,0x1032,0x0072,0x18462,0x20e59
RELOADLINE,0x10ec,0x13ff,0x0085,0x1263f,0x20eb2
REL_EX,0x120b,0x0b52,0x0064,0x12f82,0x20ee8
REPTRELOADRET,0x040b,0x1244,0x0060,0x05674,0x20f59
ROLTAB,0x10ec,0x7169,0x0085,0x183a9,0x20f7e
ROMPOS,0x10ec,0x13bc,0x0085,0x125fc,0x20f8d
RORTAB,0x10ec,0x7197,0x0085,0x183d7,0x20f9c
RPTPTR,0x10ec,0x1401,0x0085,0x12641,0x20fab
RPTSTACK,0x10ec,0x1403,0x0084,0x12643,0x20fba
RUNBUFFER,0x10ec,0x8b36,0x0084,0x19d76,0x20fcb
RUNNAME,0x10ec,0x8bfe,0x0084,0x19e3e,0x20fe8
SAT,0x10ec,0x8c73,0x0084,0x19eb3,0x20ff8
SBCTAB,0x10ec,0x71c5,0x0085,0x18405,0x21004
SEP,0x10ec,0x8cde,0x0084,0x19f1e,0x2103b
SOURCELEV,0x10ec,0x0f8a,0x0084,0x121ca,0x21095
SOURCEPTR,0x10ec,0x0f9c,0x0085,0x121dc,0x210a7
SPACETXT,0x10ec,0x2555,0x0084,0x13795,0x210b9
SRCLOK1,0x040b,0x0c4d,0x0048,0x0507d,0x21100
SREG,0x10ec,0x248c,0x0084,0x136cc,0x2112a
STARS,0x10ec,0x89a3,0x0084,0x19be3,0x21159
STARTSTRINGPTR,0x10ec,0x0ed3,0x0085,0x12113,0x21167
STATAB,0x10ec,0x71f3,0x0085,0x18433,0x2117e
STEMP1,0x10ec,0x9a88,0x0085,0x1acc8,0x2118d
STEMP2,0x10ec,0x9a8a,0x0085,0x1acca,0x2119c
STRCMP1,0x10ec,0x9778,0x0084,0x1a9b8,0x211ea
STRCMP2,0x10ec,0x9878,0x0084,0x1aab8,0x211fa
STRDEF,0x0b0b,0x0b50,0x0073,0x0bf80,0x21252
STRINGPTR,0x10ec,0x0ed5,0x0085,0x12115,0x21261
STRTEMP1,0x10ec,0x9be4,0x0085,0x1ae24,0x212a4
STXTAB,0x10ec,0x7221,0x0085,0x18461,0x212c0
STYTAB,0x10ec,0x724f,0x0085,0x1848f,0x212cf
STZTAB,0x10ec,0x727d,0x0085,0x184bd,0x212de
SUN,0x10ec,0x8c7c,0x0084,0x19ebc,0x21319
SYMBOLCHAR,0x10ec,0x7827,0x0084,0x18a67,0x2136d
SYMBOLS,0x10ec,0x13c8,0x0085,0x12608,0x21380
SYMLISTNAME,0x10ec,0x13f9,0x0085,0x12639,0x213a1
SYMLISTOPT,0x10ec,0x13f8,0x0084,0x12638,0x213b5
SYMNAME,0x10ec,0x9b5c,0x0084,0x1ad9c,0x213df
SYMPTR,0x10ec,0x0f76,0x0085,0x121b6,0x2140a
SYMTXPTR,0x10ec,0x0f72,0x0085,0x121b2,0x21419
TAB,0x10ec,0x8995,0x0084,0x19bd5,0x2142a
TEMP1,0x10ec,0x9a7c,0x0085,0x1acbc,0x21436
TEMP2,0x10ec,0x9a7e,0x0085,0x1acbe,0x21444
TEMP3,0x10ec,0x9a80,0x0085,0x1acc0,0x21452
TEMP4,0x10ec,0x9a82,0x0085,0x1acc2,0x21460
TEMP5,0x10ec,0x9a84,0x0085,0x1acc4,0x2146e
TEMP6,0x10ec,0x9a86,0x0085,0x1acc6,0x2147c
TEMPCONDLEVEL,0x10ec,0x9a94,0x0085,0x1acd4,0x2148a
TEMPMAPFNAME,0x10ec,0xa43d,0x0084,0x1b67d,0x214a0
TFIELD,0x10ec,0x2482,0x0084,0x136c2,0x214b5
TFIELDFILL,0x10ec,0x2483,0x0084,0x136c3,0x214c4
THURS,0x10ec,0x8c63,0x0084,0x19ea3,0x214e5
TOTALBYTES,0x10ec,0x13cc,0x0085,0x1260c,0x21566
TOTALLINES,0x10ec,0x13d0,0x0085,0x12610,0x21579
TRACEON,0x10ec,0x9bdc,0x0084,0x1ae1c,0x2158c
TRBTAB,0x10ec,0x72d9,0x0085,0x18519,0x2159c
TSBTAB,0x10ec,0x72ab,0x0085,0x184eb,0x215c8
TUES,0x10ec,0x8c8a,0x0084,0x19eca,0x215d7
TYPEFAIL,0x0d0b,0x0d53,0x0066,0x0e183,0x215e1
TYPEFAIL2,0x0f0b,0x0e4c,0x0066,0x1027c,0x215ef
UNKNOWNINST,0x130b,0x104b,0x007f,0x1447b,0x21630
UNKNOWNMAC,0x10ec,0x0aac,0x0085,0x11cec,0x21644
WARNINGS,0x10ec,0x13c6,0x0085,0x12606,0x216a0
WARNSUP,0x10ec,0x13e7,0x0084,0x12627,0x216b1
WARNTXT,0x10ec,0x8a5a,0x0084,0x19c9a,0x216c1
WED,0x10ec,0x8c59,0x0084,0x19e99,0x216d1
WENOTENDBUF,0x040b,0x1033,0x0002,0x05463,0x21712
WEOK,0x160b,0x0942,0x0002,0x16d72,0x21731
WPUBNEXT,0x100b,0x0d32,0x0003,0x11162,0x21782
WPUBNEXT2,0x040b,0x0e54,0x0003,0x05284,0x21790
X,0x10ec,0x899a,0x0084,0x19bda,0x21812
YEARLP,0x030b,0x0b58,0x001d,0x03f88,0x21819
_186TXT,0x10ec,0x7be3,0x0084,0x18e23,0x21828
_286TXT,0x10ec,0x7be9,0x0084,0x18e29,0x21838
_386TXT,0x10ec,0x7bef,0x0084,0x18e2f,0x21848
_486TXT,0x10ec,0x7bf5,0x0084,0x18e35,0x21858
_86TXT,0x10ec,0x7bdb,0x0084,0x18e1b,0x21868
_DONEEND,0x100b,0x0d43,0x0049,0x11173,0x21884
_FR,0x0c0b,0x0844,0x0014,0x0cc74,0x218b8
_NOTSET,0x1a0b,0x0c45,0x0088,0x1b075,0x21959
